Id,訂單編號,報名序號,檢查碼,票種,票券付款狀態,標籤,QR Code 序號,售出日期,票面價格,Nickname / 暱稱,Gender / 生理性別,提醒填寫正確的衣服尺寸,Size of T-shirt / 衣服尺寸 (For tickets with t-shirt should fill in this field / 票種有含紀念衣服需填寫),Dietary Preference / 飲食偏好,Come From / 國家或地區,Age Range / 年齡區間,"Job Title / 職稱 (If you are a student, fill in ""student"" / 如果您是「學生」，請填寫「student」)","Company  / 服務單位 (For students or teachers, fill in the School + Department Name / 學校單位請填寫學校及系所名稱)",Years of Using Python / 使用 Python 多久,Area of Interest / 興趣領域,(Attend first time) How did you know XXX? / (初次參與) 如何得知 XXX？,Have you ever attended XXX? / 您是否曾參加 XXX？,Have you ever been a XXX volunteer? / 是否曾擔任過 XXX 志工？,徵稿資訊管道,"(For Submitter) How did you know the CfP information of PyCon Taiwan? / (投稿者) 你是怎麼得知 PyCon Taiwan 徵稿資訊？(If you are NOT submitter, fill in ""non-submitter"" / 如果您沒有投稿，請填寫「非投稿者」)",Would you like to receive an email from sponsors? / 是否願意收到贊助商轉發的電子郵件？,I would like to donate invoice to Open Culture Foundation / 我願意捐贈發票給開放文化基金會 (Ref: https://reurl.cc/ZQ6VY6),個人資料保護聲明,I’ve already read and I accept the Privacy Policy of XXX / 我已閱讀並同意 XXX 個人資料保護聲明,行為準則,I'm willing to comply with the XXX CoC / 我願意遵守 XXX 行為準則,聯絡人 姓名,聯絡人 Email,聯絡人 手機,Attendance Book,(Attend first time) How did you know PyCon TW 2023? / (初次參與) 如何得知 PyCon TW 2023？,I’ve already read and I accept the Privacy Policy of PyCon TW 2023 / 我已閱讀並同意 PyCon TW 2023 個人資料保護聲明,Have you ever been a PyCon TW volunteer? / 是否曾擔任過 PyCon TW 志工？,Have you ever attended PyCon TW? / 您是否曾參加 PyCon TW？,I'm willing to comply with the PyCon TW 2023 CoC / 我願意遵守 PyCon TW 2023 行為準則
108762484,143703291,2,6VWL,I,paid,,94688dbeae596552,2023-04-22,2790.0,EKY,1,,L,,TW,E,m,W,1-5 years / 1-5 年,"AI/ML/DL, Web Development, Data Analytics, Engineering & Mathematics",Friends / 朋友介紹,First time / 第一次,No / 否,,非投稿者,No / 否,Yes / 是,,Yes / 是,,Yes / 是,User_03291,Email_03291,Phone_03291,,Others / 其他,Yes / 是,Yes / 是,Yes / 是,Yes / 是
109467442,144032220,3,TGLC,D,paid,,8edd7g2db96g22c1,2023-05-02,1895.0,VCG,1,,S,,TW,D,i,B,,"AI/ML/DL, Web Development, Data Analytics, Fintech, DevOps, Security, Engineering & Mathematics, Design, Multimedia, Healthcare",Others / 其他,5-7 times / 5-7 次,No / 否,,非投稿者,No / 否,Yes / 是,,Yes / 是,,Yes / 是,User_32220,Email_32220,Phone_32220,,Others / 其他,Yes / 是,Yes / 是,Yes / 是,Yes / 是
109467743,144032337,4,3Z7S,K,paid,,b7882f322fe4eff7,2023-05-02,1895.0,FPU,0,,M,,TW,D,d,T,1-5 years / 1-5 年,"Web Development, Data Analytics, Fintech, DevOps, Education, Design",Friends / 朋友介紹,5-7 times / 5-7 次,No / 否,,非投稿者,Yes / 是,Yes / 是,,Yes / 是,,Yes / 是,User_32337,Email_32337,Phone_32337,,Others / 其他,Yes / 是,Yes / 是,Yes / 是,Yes / 是
109480491,144039205,5,QYPB,X,paid,,82f48e21f73d46bb,2023-05-03,2790.0,XQX,0,,M,,TW,E,z,Y,1-5 years / 1-5 年,"AI/ML/DL, Data Analytics, Education, Healthcare",Others / 其他,First time / 第一次,No / 否,,非投稿者,No / 否,No / 否,,Yes / 是,,Yes / 是,User_39205,Email_39205,Phone_39205,,Others / 其他,Yes / 是,Yes / 是,Yes / 是,Yes / 是
109486127,144041919,6,ESFV,U,paid,,a7a458dab1dc1bg9,2023-05-03,1895.0,CVK,0,,M,,TW,A,l,V,1-5 years / 1-5 年,"AI/ML/DL, Web Development, Data Analytics, Fintech, DevOps, Security, Engineering & Mathematics",Facebook,2-4 times / 2-4 次,No / 否,,非投稿者,Yes / 是,No / 否,,Yes / 是,,Yes / 是,User_41919,Email_41919,Phone_41919,,Others / 其他,Yes / 是,Yes / 是,Yes / 是,Yes / 是
109743417,144180944,7,GKDJ,H,paid,,15fadgg1c4g3f579,2023-05-15,0.0,VAS,1,,L,,TW,C,w,C,,AI/ML/DL,,,,,非投稿者,Yes / 是,Yes / 是,,Yes / 是,,Yes / 是,User_80944,Email_80944,Phone_80944,,Others / 其他,Yes / 是,Yes / 是,Yes / 是,Yes / 是
109771882,144193585,8,W1IX,H,paid,,7175cd733g7bf8f1,2023-05-16,1895.0,ZID,0,,L,,TW,E,q,D,11-20 years / 11-20 年,"Web Development, DevOps, Engineering & Mathematics",Facebook,2-4 times / 2-4 次,No / 否,,non-submitter,No / 否,Yes / 是,,Yes / 是,,Yes / 是,User_93585,Email_93585,Phone_93585,,Others / 其他,Yes / 是,Yes / 是,Yes / 是,Yes / 是
109817659,144217103,10,9BEX,I,paid,,3c67b2adbcb17373,2023-05-20,1895.0,CZC,0,,L,Normal / 一般,TW,A,z,R,,,,2-4 times / 2-4 次,No / 否,,non-submitter,No / 否,No / 否,,Yes / 是,,Yes / 是,User_17103,Email_17103,Phone_17103,,Others / 其他,Yes / 是,Yes / 是,Yes / 是,Yes / 是
111110385,144897847,12,OM72,S,paid,,521dgb3f51d8223a,2023-06-18,1290.0,GUG,1,,M,Normal / 一般,TW,B,h,I,1-5 years / 1-5 年,"AI/ML/DL, Web Development, Engineering & Mathematics",Friends / 朋友介紹,2-4 times / 2-4 次,Yes / 是,,non-submitter,No / 否,Yes / 是,,Yes / 是,,Yes / 是,User_97847,Email_97847,Phone_97847,,Others / 其他,Yes / 是,Yes / 是,Yes / 是,Yes / 是
111111745,144898767,13,0Y5T,B,paid,,2218bcc1cdd335g9,2023-06-18,1290.0,RGO,1,,S,Normal / 一般,TW,C,w,X,1-5 years / 1-5 年,"AI/ML/DL, Data Analytics, Fintech, DevOps, Engineering & Mathematics, Education, Healthcare",YouTube,2-4 times / 2-4 次,Yes / 是,,Not-submitter,No / 否,Yes / 是,,Yes / 是,,Yes / 是,User_98767,Email_98767,Phone_98767,,Others / 其他,Yes / 是,Yes / 是,Yes / 是,Yes / 是
111150959,144921091,14,RCTV,X,paid,,5413286bc3ebe35d,2023-06-18,1290.0,GUR,1,,S,Normal / 一般,TW,B,f,O,11-20 years / 11-20 年,"AI/ML/DL, Web Development, DevOps",Friends / 朋友介紹,More than 7 times / 超過 7 次,Yes / 是,,non-submitter,Yes / 是,Yes / 是,,Yes / 是,,Yes / 是,User_21091,Email_21091,Phone_21091,,Others / 其他,Yes / 是,Yes / 是,Yes / 是,Yes / 是
111157082,144924669,15,274V,M,paid,,bf542bb6ed88fbd3,2023-06-18,1290.0,GCY,1,,M,Normal / 一般,TW,E,y,T,,,,,,,非投稿者,,Yes / 是,,Yes / 是,,Yes / 是,User_24669,Email_24669,Phone_24669,,Others / 其他,Yes / 是,Yes / 是,Yes / 是,Yes / 是
111158992,144925926,16,59VT,J,paid,,2c1c9673a65b987g,2023-06-18,1290.0,PVC,0,,S,Normal / 一般,TW,A,e,X,,"AI/ML/DL, Web Development",,,Yes / 是,,非投稿者,,Yes / 是,,Yes / 是,,Yes / 是,User_25926,Email_25926,Phone_25926,,Others / 其他,Yes / 是,Yes / 是,Yes / 是,Yes / 是
111160976,144927286,17,WCKD,I,paid,,f968ag3g64b5c159,2023-06-18,1290.0,PLC,1,,S,Normal / 一般,TW,D,s,N,1-5 years / 1-5 年,"Web Development, DevOps",Others / 其他,2-4 times / 2-4 次,Yes / 是,,非投稿者,No / 否,No / 否,,Yes / 是,,Yes / 是,User_27286,Email_27286,Phone_27286,,Others / 其他,Yes / 是,Yes / 是,Yes / 是,Yes / 是
111166504,144930600,18,QV08,N,paid,,gecf1c9c99bc63dd,2023-06-19,1290.0,LQM,0,,M,Normal / 一般,TW,A,t,P,1-5 years / 1-5 年,"Web Development, Fintech, DevOps, Other",Friends / 朋友介紹,5-7 times / 5-7 次,Yes / 是,,非投稿者,No / 否,Yes / 是,,Yes / 是,,Yes / 是,User_30600,Email_30600,Phone_30600,,Others / 其他,Yes / 是,Yes / 是,Yes / 是,Yes / 是
111169414,144932207,19,4DCP,T,paid,,cf2f83cdbc55199a,2023-06-19,1290.0,CBO,0,,M,Normal / 一般,TW,B,u,F,1-5 years / 1-5 年,"AI/ML/DL, Web Development, Data Analytics, Engineering & Mathematics",Friends / 朋友介紹,2-4 times / 2-4 次,Yes / 是,,非投稿者,Yes / 是,Yes / 是,,Yes / 是,,Yes / 是,User_32207,Email_32207,Phone_32207,,Others / 其他,Yes / 是,Yes / 是,Yes / 是,Yes / 是
111169660,144932377,20,B62B,U,paid,,f81834bcfg1deca5,2023-06-19,1290.0,PTG,1,,S,Normal / 一般,TW,D,d,S,11-20 years / 11-20 年,"AI/ML/DL, Web Development, Data Analytics",Friends / 朋友介紹,More than 7 times / 超過 7 次,Yes / 是,,非投稿者,No / 否,Yes / 是,,Yes / 是,,Yes / 是,User_32377,Email_32377,Phone_32377,,Others / 其他,Yes / 是,Yes / 是,Yes / 是,Yes / 是
111172487,144934028,21,59JF,D,paid,,1727627dg35cfbb4,2023-06-19,1290.0,VNH,1,,M,Normal / 一般,TW,C,i,H,More than 20 years / 超過 20 年,"AI/ML/DL, DevOps, Design, Multimedia, Other",,More than 7 times / 超過 7 次,No / 否,,非投稿者,No / 否,No / 否,,Yes / 是,,Yes / 是,User_34028,Email_34028,Phone_34028,,Others / 其他,Yes / 是,Yes / 是,Yes / 是,Yes / 是
111173794,144934777,22,5RHY,G,paid,,ed6831616c4g129a,2023-06-19,1290.0,SLW,0,,S,Normal / 一般,TW,A,p,Y,6-10 years / 6-10 年,"AI/ML/DL, Web Development, Education",,5-7 times / 5-7 次,No / 否,,臉書,No / 否,Yes / 是,,Yes / 是,,Yes / 是,User_34777,Email_34777,Phone_34777,,Others / 其他,Yes / 是,Yes / 是,Yes / 是,Yes / 是
111176177,144936111,23,5DSA,Y,paid,,cbc31b493a4c13e2,2023-06-19,1290.0,FDF,0,,L,Normal / 一般,TW,D,e,A,6-10 years / 6-10 年,"AI/ML/DL, Data Analytics, Fintech, Engineering & Mathematics",Friends / 朋友介紹,5-7 times / 5-7 次,No / 否,,non-submitter,No / 否,No / 否,,Yes / 是,,Yes / 是,User_36111,Email_36111,Phone_36111,,Others / 其他,Yes / 是,Yes / 是,Yes / 是,Yes / 是
111176379,144936230,24,RA6L,J,paid,,bb222f4b7baa79dc,2023-06-19,1290.0,CWP,0,,M,Normal / 一般,TW,E,m,V,6-10 years / 6-10 年,"AI/ML/DL, Web Development, Data Analytics, DevOps",,5-7 times / 5-7 次,Yes / 是,,非投稿者,Yes / 是,Yes / 是,,Yes / 是,,Yes / 是,User_36230,Email_36230,Phone_36230,,Others / 其他,Yes / 是,Yes / 是,Yes / 是,Yes / 是
111180055,144938363,25,YBUR,Q,paid,,791117ef351ea47b,2023-06-20,1290.0,PEU,0,,M,Normal / 一般,TW,C,a,L,6-10 years / 6-10 年,"AI/ML/DL, Web Development, DevOps",,5-7 times / 5-7 次,Yes / 是,,non-submitter,Yes / 是,Yes / 是,,Yes / 是,,Yes / 是,User_38363,Email_38363,Phone_38363,,Others / 其他,Yes / 是,Yes / 是,Yes / 是,Yes / 是
111181853,144939339,26,4G84,M,paid,,d95d738e345e92ae,2023-06-20,1290.0,FKX,0,,S,Normal / 一般,TW,D,n,R,11-20 years / 11-20 年,"AI/ML/DL, Data Analytics, Fintech, Engineering & Mathematics, Education",Friends / 朋友介紹,5-7 times / 5-7 次,Yes / 是,,I did not submit a talk this year.,Yes / 是,Yes / 是,,Yes / 是,,Yes / 是,User_39339,Email_39339,Phone_39339,,Others / 其他,Yes / 是,Yes / 是,Yes / 是,Yes / 是
111186859,144942211,27,FF9D,X,paid,,32a3bab5a9b5e9b9,2023-06-20,2790.0,WBS,1,,S,Normal / 一般,TW,E,x,N,6-10 years / 6-10 年,"Web Development, DevOps, Engineering & Mathematics, Education",Friends / 朋友介紹,First time / 第一次,No / 否,,non-submitter,Yes / 是,No / 否,,Yes / 是,,Yes / 是,User_42211,Email_42211,Phone_42211,,Others / 其他,Yes / 是,Yes / 是,Yes / 是,Yes / 是
111188750,144943399,28,1FWQ,E,paid,,5c1e8b4d7b42a8a9,2023-06-20,1290.0,TGW,1,,M,Normal / 一般,TW,B,g,G,1-5 years / 1-5 年,"AI/ML/DL, Data Analytics, Engineering & Mathematics, Healthcare",Others / 其他,2-4 times / 2-4 次,Yes / 是,,non-submitter,No / 否,Yes / 是,,Yes / 是,,Yes / 是,User_43399,Email_43399,Phone_43399,,Others / 其他,Yes / 是,Yes / 是,Yes / 是,Yes / 是
111216349,144962636,29,MQNI,S,paid,,778g6ee41692aaec,2023-06-21,1290.0,IIO,1,,M,Normal / 一般,TW,B,j,G,Less than a year / 未滿一年,"AI/ML/DL, Web Development, Data Analytics, DevOps, Human Resource, Design",Others / 其他,2-4 times / 2-4 次,Yes / 是,,非投稿者,Yes / 是,Yes / 是,,Yes / 是,,Yes / 是,User_62636,Email_62636,Phone_62636,,Others / 其他,Yes / 是,Yes / 是,Yes / 是,Yes / 是
111217967,144963545,30,FR8I,R,paid,,f7bg6432b949b8g1,2023-06-22,1290.0,OFZ,0,,S,Normal / 一般,TW,B,t,I,6-10 years / 6-10 年,"Security, Education",Friends / 朋友介紹,2-4 times / 2-4 次,Yes / 是,,非投稿者,Yes / 是,Yes / 是,,Yes / 是,,Yes / 是,User_63545,Email_63545,Phone_63545,,Others / 其他,Yes / 是,Yes / 是,Yes / 是,Yes / 是
111225028,144967472,31,RT2H,B,paid,,7836eef93gd8b2ff,2023-06-22,1290.0,FUN,0,,S,Normal / 一般,TW,C,a,V,6-10 years / 6-10 年,"AI/ML/DL, Web Development",,5-7 times / 5-7 次,Yes / 是,,非投稿者,No / 否,No / 否,,Yes / 是,,Yes / 是,User_67472,Email_67472,Phone_67472,,Others / 其他,Yes / 是,Yes / 是,Yes / 是,Yes / 是
111225910,144967952,33,FTC4,K,paid,,879aab1cb4f3baff,2023-06-22,1290.0,JLW,1,,L,Normal / 一般,TW,D,t,E,1-5 years / 1-5 年,"AI/ML/DL, Web Development, Data Analytics",,5-7 times / 5-7 次,Yes / 是,,非投稿者,Yes / 是,Yes / 是,,Yes / 是,,Yes / 是,User_67952,Email_67952,Phone_67952,,Others / 其他,Yes / 是,Yes / 是,Yes / 是,Yes / 是
111229589,144970114,34,MWYN,G,paid,,2933beaaag8eb848,2023-06-23,1290.0,QDM,1,,L,Normal / 一般,TW,B,b,B,6-10 years / 6-10 年,"Web Development, Data Analytics, DevOps",,2-4 times / 2-4 次,Yes / 是,,非投稿者,No / 否,No / 否,,Yes / 是,,Yes / 是,User_70114,Email_70114,Phone_70114,,Others / 其他,Yes / 是,Yes / 是,Yes / 是,Yes / 是
111230512,144970668,35,KSPL,I,paid,,d35f68bee4f6d34d,2023-06-23,1290.0,OVI,1,,S,Normal / 一般,TW,A,j,C,6-10 years / 6-10 年,"AI/ML/DL, Web Development, Data Analytics, DevOps",,2-4 times / 2-4 次,Yes / 是,,非投稿者,Yes / 是,Yes / 是,,Yes / 是,,Yes / 是,User_70668,Email_70668,Phone_70668,,Others / 其他,Yes / 是,Yes / 是,Yes / 是,Yes / 是
111232337,144971619,36,Z15A,E,paid,,g4dc53ec863ab48f,2023-06-23,1290.0,XLU,1,,L,Normal / 一般,TW,B,c,H,1-5 years / 1-5 年,Security,Friends / 朋友介紹,2-4 times / 2-4 次,Yes / 是,,非投稿者,Yes / 是,No / 否,,Yes / 是,,Yes / 是,User_71619,Email_71619,Phone_71619,,Others / 其他,Yes / 是,Yes / 是,Yes / 是,Yes / 是
111232651,144971711,37,V2E0,E,paid,,f3fa4898d96114bd,2023-06-23,1290.0,HQO,0,,L,Normal / 一般,TW,E,m,T,6-10 years / 6-10 年,"AI/ML/DL, Data Analytics",Friends / 朋友介紹,First time / 第一次,No / 否,,非投稿者,No / 否,No / 否,,Yes / 是,,Yes / 是,User_71711,Email_71711,Phone_71711,,Others / 其他,Yes / 是,Yes / 是,Yes / 是,Yes / 是
111234397,144972675,38,0Y6Y,A,paid,,437a55f4ebab7917,2023-06-23,1290.0,FMU,1,,L,Normal / 一般,TW,D,p,K,,,,,Yes / 是,,非投稿者,,Yes / 是,,Yes / 是,,Yes / 是,User_72675,Email_72675,Phone_72675,,Others / 其他,Yes / 是,Yes / 是,Yes / 是,Yes / 是
111241252,144976615,39,CKCV,L,paid,,3d11634991967a28,2023-06-24,1290.0,MUI,0,,L,Normal / 一般,TW,C,s,R,1-5 years / 1-5 年,"Web Development, Engineering & Mathematics",Facebook,2-4 times / 2-4 次,Yes / 是,,非投稿者,No / 否,No / 否,,Yes / 是,,Yes / 是,User_76615,Email_76615,Phone_76615,,Others / 其他,Yes / 是,Yes / 是,Yes / 是,Yes / 是
111320121,145017343,41,7N75,I,paid,,8645a36g742g652f,2023-06-24,1290.0,IUB,1,,M,Normal / 一般,TW,D,e,L,1-5 years / 1-5 年,DevOps,Others / 其他,5-7 times / 5-7 次,Yes / 是,,Facebook,No / 否,Yes / 是,,Yes / 是,,Yes / 是,User_17343,Email_17343,Phone_17343,,Others / 其他,Yes / 是,Yes / 是,Yes / 是,Yes / 是
111366819,145048125,43,2XSN,R,paid,,221c17539ee5771g,2023-06-25,1290.0,ACF,1,,M,Normal / 一般,TW,C,w,D,1-5 years / 1-5 年,"AI/ML/DL, Web Development, Data Analytics",Friends / 朋友介紹,2-4 times / 2-4 次,Yes / 是,,非投稿者,Yes / 是,Yes / 是,,Yes / 是,,Yes / 是,User_48125,Email_48125,Phone_48125,,Others / 其他,Yes / 是,Yes / 是,Yes / 是,Yes / 是
111374716,145052952,44,CFH0,U,paid,,4124b4eccg33f14a,2023-06-26,1290.0,ZWI,1,,M,Normal / 一般,TW,A,o,B,1-5 years / 1-5 年,"Web Development, Data Analytics, Fintech, DevOps, Security, Education",Others / 其他,First time / 第一次,No / 否,,非投稿者,No / 否,Yes / 是,,Yes / 是,,Yes / 是,User_52952,Email_52952,Phone_52952,,Others / 其他,Yes / 是,Yes / 是,Yes / 是,Yes / 是
111374786,145052994,45,EB70,N,paid,,ge296cba5bed7455,2023-06-26,1290.0,LGZ,1,,L,Normal / 一般,TW,C,z,O,11-20 years / 11-20 年,"Web Development, Engineering & Mathematics, Education, Other",Others / 其他,More than 7 times / 超過 7 次,Yes / 是,,非投稿者,No / 否,Yes / 是,,Yes / 是,,Yes / 是,User_52994,Email_52994,Phone_52994,,Others / 其他,Yes / 是,Yes / 是,Yes / 是,Yes / 是
111375227,145053283,46,V6G8,B,paid,,g3b43g5fb468ebec,2023-06-26,1290.0,TDY,0,,S,Normal / 一般,TW,C,s,Y,,,,,,,non-submitter,No / 否,Yes / 是,,Yes / 是,,Yes / 是,User_53283,Email_53283,Phone_53283,,Others / 其他,Yes / 是,Yes / 是,Yes / 是,Yes / 是
111375878,145053675,47,JSDL,J,paid,,daf221c148bd5e14,2023-06-26,1290.0,OXH,0,,L,Vegetarian / 素食者,TW,A,z,C,Less than a year / 未滿一年,"AI/ML/DL, Human Resource",Others / 其他,2-4 times / 2-4 次,Yes / 是,,non-submitter,No / 否,Yes / 是,,Yes / 是,,Yes / 是,User_53675,Email_53675,Phone_53675,,Others / 其他,Yes / 是,Yes / 是,Yes / 是,Yes / 是
111376012,145053761,48,VVJD,M,paid,,7cgb939d31dg5e8f,2023-06-26,1290.0,QFG,1,,M,Normal / 一般,TW,A,e,I,1-5 years / 1-5 年,"Data Analytics, Fintech, Design",,2-4 times / 2-4 次,Yes / 是,,非投稿者,No / 否,Yes / 是,,Yes / 是,,Yes / 是,User_53761,Email_53761,Phone_53761,,Others / 其他,Yes / 是,Yes / 是,Yes / 是,Yes / 是
111378625,145055300,49,Q395,I,paid,,6a17735fg28d8ac8,2023-06-26,1290.0,PFM,0,,L,Normal / 一般,TW,A,d,S,1-5 years / 1-5 年,"AI/ML/DL, Web Development, Data Analytics, Engineering & Mathematics, Multimedia",Friends / 朋友介紹,2-4 times / 2-4 次,Yes / 是,,非投稿者,Yes / 是,Yes / 是,,Yes / 是,,Yes / 是,User_55300,Email_55300,Phone_55300,,Others / 其他,Yes / 是,Yes / 是,Yes / 是,Yes / 是
111380651,145056455,50,QIEE,K,paid,,14fcf881dbbd53g7,2023-06-26,1290.0,WHF,0,,S,Normal / 一般,TW,C,f,B,,"Web Development, Data Analytics, Design",Friends / 朋友介紹,First time / 第一次,Yes / 是,,非投稿者,No / 否,Yes / 是,,Yes / 是,,Yes / 是,User_56455,Email_56455,Phone_56455,,Others / 其他,Yes / 是,Yes / 是,Yes / 是,Yes / 是
111383032,145057916,51,6JLN,T,paid,,37a1cd2839d59257,2023-06-27,1290.0,YYI,0,,L,Normal / 一般,TW,C,k,U,,,,,No / 否,,非投稿者,,Yes / 是,,Yes / 是,,Yes / 是,User_57916,Email_57916,Phone_57916,,Others / 其他,Yes / 是,Yes / 是,Yes / 是,Yes / 是
111388813,145059978,52,1H1J,V,paid,,cc345ffdgfeafd4b,2023-06-27,1290.0,TVY,0,,L,Normal / 一般,TW,B,q,G,Less than a year / 未滿一年,"Web Development, DevOps",Facebook,2-4 times / 2-4 次,Yes / 是,,非投稿者,No / 否,No / 否,,Yes / 是,,Yes / 是,User_59978,Email_59978,Phone_59978,,Others / 其他,Yes / 是,Yes / 是,Yes / 是,Yes / 是
111389716,145060753,53,LFSG,C,paid,,ae2fa6dd74d7ecg2,2023-06-27,1290.0,UOH,0,,S,Normal / 一般,TW,B,f,M,,,Friends / 朋友介紹,2-4 times / 2-4 次,Yes / 是,,非投稿者,No / 否,No / 否,,Yes / 是,,Yes / 是,User_60753,Email_60753,Phone_60753,,Others / 其他,Yes / 是,Yes / 是,Yes / 是,Yes / 是
111390814,145061680,54,9QPF,Y,paid,,g3545b51c4b2df88,2023-06-27,1290.0,XDD,1,,S,Normal / 一般,TW,C,f,G,1-5 years / 1-5 年,"Web Development, Data Analytics",Facebook,2-4 times / 2-4 次,Yes / 是,,非投稿者,No / 否,Yes / 是,,Yes / 是,,Yes / 是,User_61680,Email_61680,Phone_61680,,Others / 其他,Yes / 是,Yes / 是,Yes / 是,Yes / 是
111396415,145064017,55,SAY3,V,paid,,353533d39e4421cb,2023-06-27,1290.0,USS,1,,S,Normal / 一般,TW,E,g,T,1-5 years / 1-5 年,"Web Development, Data Analytics, DevOps, Engineering & Mathematics",Friends / 朋友介紹,First time / 第一次,Yes / 是,,非投稿者,Yes / 是,Yes / 是,,Yes / 是,,Yes / 是,User_64017,Email_64017,Phone_64017,,Others / 其他,Yes / 是,Yes / 是,Yes / 是,Yes / 是
111397907,145064488,56,FPBG,R,paid,,fb7b2a626e1381g2,2023-06-27,1290.0,WXO,0,,L,Normal / 一般,TW,E,s,P,1-5 years / 1-5 年,Data Analytics,Friends / 朋友介紹,First time / 第一次,No / 否,,非投稿者,Yes / 是,Yes / 是,,Yes / 是,,Yes / 是,User_64488,Email_64488,Phone_64488,,Others / 其他,Yes / 是,Yes / 是,Yes / 是,Yes / 是
111403653,145067114,57,47MN,K,paid,,8g2d5ga6646d18f9,2023-06-28,1290.0,PFN,1,,L,Normal / 一般,TW,D,w,U,1-5 years / 1-5 年,"AI/ML/DL, Data Analytics, Engineering & Mathematics",Facebook,2-4 times / 2-4 次,Yes / 是,,Facebook,Yes / 是,Yes / 是,,Yes / 是,,Yes / 是,User_67114,Email_67114,Phone_67114,,Others / 其他,Yes / 是,Yes / 是,Yes / 是,Yes / 是
111403681,145067128,58,GQ7K,U,paid,,83bb66e18ab1cecb,2023-06-28,1290.0,IEP,1,,S,Normal / 一般,TW,B,x,V,1-5 years / 1-5 年,"AI/ML/DL, Web Development, Data Analytics, DevOps, Engineering & Mathematics, Human Resource",Friends / 朋友介紹,First time / 第一次,No / 否,,non-submitter,Yes / 是,Yes / 是,,Yes / 是,,Yes / 是,User_67128,Email_67128,Phone_67128,,Others / 其他,Yes / 是,Yes / 是,Yes / 是,Yes / 是
111406196,145068448,59,TFB1,M,paid,,1234a982f5febdgg,2023-06-28,0.0,MED,1,,L,Normal / 一般,TW,A,r,Y,1-5 years / 1-5 年,"AI/ML/DL, Web Development, Data Analytics, Engineering & Mathematics",,2-4 times / 2-4 次,No / 否,,非投稿者,No / 否,Yes / 是,,Yes / 是,,Yes / 是,User_68448,Email_68448,Phone_68448,,Others / 其他,Yes / 是,Yes / 是,Yes / 是,Yes / 是
111407464,145069143,60,Y6X6,L,paid,,bc5346282ea775bd,2023-06-28,1990.0,EWB,1,,S,Normal / 一般,TW,C,q,C,6-10 years / 6-10 年,"AI/ML/DL, Engineering & Mathematics",Facebook,5-7 times / 5-7 次,Yes / 是,,非投稿者,No / 否,Yes / 是,,Yes / 是,,Yes / 是,User_69143,Email_69143,Phone_69143,,Others / 其他,Yes / 是,Yes / 是,Yes / 是,Yes / 是
111411343,145070936,61,V3HY,Q,paid,,81gb72c9a4eb5679,2023-06-28,0.0,FRX,0,,S,Normal / 一般,TW,A,j,G,1-5 years / 1-5 年,"AI/ML/DL, Fintech, Engineering & Mathematics",Others / 其他,2-4 times / 2-4 次,No / 否,,非投稿者,No / 否,No / 否,,Yes / 是,,Yes / 是,User_70936,Email_70936,Phone_70936,,Others / 其他,Yes / 是,Yes / 是,Yes / 是,Yes / 是
111412513,145071694,62,OIGG,A,paid,,fbdbc8fc356447f9,2023-06-28,1290.0,DCD,1,,M,Normal / 一般,TW,A,t,G,6-10 years / 6-10 年,"AI/ML/DL, Education",Friends / 朋友介紹,More than 7 times / 超過 7 次,,,PyCon Taiwan 好像有寄信 CFP 資訊,No / 否,Yes / 是,,Yes / 是,,Yes / 是,User_71694,Email_71694,Phone_71694,,Others / 其他,Yes / 是,Yes / 是,Yes / 是,Yes / 是
111420524,145075971,63,MLDY,D,paid,,4e9a9e21a6gd2d61,2023-06-28,1290.0,QZP,1,,L,Normal / 一般,TW,C,r,S,6-10 years / 6-10 年,"Web Development, Data Analytics, Engineering & Mathematics, Education",Facebook,2-4 times / 2-4 次,Yes / 是,,非投稿者,No / 否,Yes / 是,,Yes / 是,,Yes / 是,User_75971,Email_75971,Phone_75971,,Others / 其他,Yes / 是,Yes / 是,Yes / 是,Yes / 是
111425474,145078776,64,15XO,W,paid,,6b115ae12311377d,2023-06-29,1290.0,QDM,0,,L,Normal / 一般,TW,E,i,Y,1-5 years / 1-5 年,"Web Development, Data Analytics, DevOps",Facebook,2-4 times / 2-4 次,Yes / 是,,非投稿者,No / 否,Yes / 是,,Yes / 是,,Yes / 是,User_78776,Email_78776,Phone_78776,,Others / 其他,Yes / 是,Yes / 是,Yes / 是,Yes / 是
111432067,145081718,65,7YTT,F,paid,,447f22d5e4ff759b,2023-06-29,1290.0,URH,1,,S,Normal / 一般,TW,A,d,O,11-20 years / 11-20 年,"AI/ML/DL, Data Analytics",Friends / 朋友介紹,5-7 times / 5-7 次,Yes / 是,,非投稿者,No / 否,Yes / 是,,Yes / 是,,Yes / 是,User_81718,Email_81718,Phone_81718,,Others / 其他,Yes / 是,Yes / 是,Yes / 是,Yes / 是
111432044,145081706,66,IICP,U,paid,,85e97b8d75569f1c,2023-06-29,1290.0,XDX,1,,L,Normal / 一般,TW,A,t,E,1-5 years / 1-5 年,Security,Friends / 朋友介紹,2-4 times / 2-4 次,Yes / 是,,非投稿者,No / 否,No / 否,,Yes / 是,,Yes / 是,User_81706,Email_81706,Phone_81706,,Others / 其他,Yes / 是,Yes / 是,Yes / 是,Yes / 是
111434779,145082967,67,3IHO,U,paid,,6g177faf6fe3c8fc,2023-06-30,1290.0,VTD,1,,M,Normal / 一般,TW,D,b,P,1-5 years / 1-5 年,"AI/ML/DL, Web Development, Fintech, Security, Design",,2-4 times / 2-4 次,Yes / 是,,非投稿者,No / 否,Yes / 是,,Yes / 是,,Yes / 是,User_82967,Email_82967,Phone_82967,,Others / 其他,Yes / 是,Yes / 是,Yes / 是,Yes / 是
111452098,145091041,68,EHLB,K,paid,,5acf5bf1658ede94,2023-06-30,1290.0,KYK,1,,L,Normal / 一般,TW,E,s,I,,,,,,,非投稿者,,No / 否,,Yes / 是,,Yes / 是,User_91041,Email_91041,Phone_91041,,Others / 其他,Yes / 是,Yes / 是,Yes / 是,Yes / 是
111453553,145091707,69,NY4A,U,paid,,1a1cg8bgf8bd7f7f,2023-06-30,1290.0,XAG,0,,L,Normal / 一般,TW,B,i,O,1-5 years / 1-5 年,"AI/ML/DL, Data Analytics",Others / 其他,First time / 第一次,,,非投稿者,No / 否,No / 否,,Yes / 是,,Yes / 是,User_91707,Email_91707,Phone_91707,,Others / 其他,Yes / 是,Yes / 是,Yes / 是,Yes / 是
111454161,145091999,70,KOOL,T,paid,,7576a8cccg43967d,2023-06-30,1290.0,ZSM,0,,S,Normal / 一般,TW,D,e,U,6-10 years / 6-10 年,"AI/ML/DL, Data Analytics",Facebook,2-4 times / 2-4 次,Yes / 是,,非投稿者,No / 否,Yes / 是,,Yes / 是,,Yes / 是,User_91999,Email_91999,Phone_91999,,Others / 其他,Yes / 是,Yes / 是,Yes / 是,Yes / 是
111464765,145097628,71,X7I1,W,paid,,ca4a9dcf9f6aggcb,2023-06-30,1290.0,YYK,0,,S,Normal / 一般,TW,C,z,T,Less than a year / 未滿一年,Data Analytics,,First time / 第一次,No / 否,,非投稿者,No / 否,Yes / 是,,Yes / 是,,Yes / 是,User_97628,Email_97628,Phone_97628,,Others / 其他,Yes / 是,Yes / 是,Yes / 是,Yes / 是
111464997,145097769,72,DZXY,Q,paid,,69e59316486b5551,2023-06-30,1290.0,KGF,0,,L,Normal / 一般,TW,C,p,I,6-10 years / 6-10 年,"AI/ML/DL, Web Development",Others / 其他,2-4 times / 2-4 次,Yes / 是,,非投稿者,,Yes / 是,,Yes / 是,,Yes / 是,User_97769,Email_97769,Phone_97769,,Others / 其他,Yes / 是,Yes / 是,Yes / 是,Yes / 是
111536134,145143264,73,GVYR,I,paid,,ab857b45b47d3b3b,2023-07-01,1290.0,UYN,0,,M,Normal / 一般,TW,D,n,D,1-5 years / 1-5 年,"Data Analytics, DevOps, Security",,2-4 times / 2-4 次,Yes / 是,,non-submitter,No / 否,No / 否,,Yes / 是,,Yes / 是,User_43264,Email_43264,Phone_43264,,Others / 其他,Yes / 是,Yes / 是,Yes / 是,Yes / 是
111597998,145180096,75,1ON2,Q,paid,,g9g66b649ggf5b5f,2023-07-02,1895.0,GGN,1,,S,Normal / 一般,TW,A,x,X,,"AI/ML/DL, Engineering & Mathematics",,,No / 否,,在 Facebook 看到的,No / 否,Yes / 是,,Yes / 是,,Yes / 是,User_80096,Email_80096,Phone_80096,,Others / 其他,Yes / 是,Yes / 是,Yes / 是,Yes / 是
111608767,145187608,76,WP3I,W,paid,,78985d3a24cdf853,2023-07-02,1895.0,ZVT,1,,L,Normal / 一般,TW,C,d,P,1-5 years / 1-5 年,"AI/ML/DL, Web Development, Data Analytics, Fintech, DevOps, Security, Engineering & Mathematics",,2-4 times / 2-4 次,No / 否,,非投稿者,Yes / 是,No / 否,,Yes / 是,,Yes / 是,User_87608,Email_87608,Phone_87608,,Others / 其他,Yes / 是,Yes / 是,Yes / 是,Yes / 是
111609857,145188298,77,F3SR,H,paid,,f34738bff969cc88,2023-07-04,1290.0,SUC,1,,L,Normal / 一般,TW,A,n,U,,"Web Development, Data Analytics, Fintech",,2-4 times / 2-4 次,Yes / 是,,非投稿者,Yes / 是,Yes / 是,,Yes / 是,,Yes / 是,User_88298,Email_88298,Phone_88298,,Others / 其他,Yes / 是,Yes / 是,Yes / 是,Yes / 是
111610155,145188515,78,LXLB,E,paid,,db3d29ff236c2842,2023-07-02,1290.0,SWD,1,,S,Normal / 一般,TW,E,i,Q,1-5 years / 1-5 年,"DevOps, Security, Engineering & Mathematics, Healthcare, Other",Others / 其他,2-4 times / 2-4 次,Yes / 是,,非投稿者,Yes / 是,Yes / 是,,Yes / 是,,Yes / 是,User_88515,Email_88515,Phone_88515,,Others / 其他,Yes / 是,Yes / 是,Yes / 是,Yes / 是
111631732,145199782,80,I3W3,Z,paid,,923f1beccgb76438,2023-07-03,1990.0,IRQ,1,,M,Normal / 一般,TW,C,i,Y,1-5 years / 1-5 年,"Web Development, Fintech, Design, Other",Facebook,First time / 第一次,No / 否,,非投稿者,Yes / 是,No / 否,,Yes / 是,,Yes / 是,User_99782,Email_99782,Phone_99782,,Others / 其他,Yes / 是,Yes / 是,Yes / 是,Yes / 是
111637166,145202862,81,Y7E9,Q,paid,,ab29fg9e7e734e34,2023-07-04,1290.0,KTY,0,,L,Normal / 一般,TW,B,f,O,1-5 years / 1-5 年,"AI/ML/DL, Data Analytics, Education",Friends / 朋友介紹,2-4 times / 2-4 次,Yes / 是,,非投稿者,No / 否,No / 否,,Yes / 是,,Yes / 是,User_02862,Email_02862,Phone_02862,,Others / 其他,Yes / 是,Yes / 是,Yes / 是,Yes / 是
111648499,145209197,82,GSJV,P,paid,,c7gf7387a225a3ca,2023-07-04,1290.0,RNT,1,,L,Normal / 一般,TW,B,d,D,6-10 years / 6-10 年,"AI/ML/DL, Data Analytics, Engineering & Mathematics",Friends / 朋友介紹,2-4 times / 2-4 次,Yes / 是,,非投稿者,No / 否,Yes / 是,,Yes / 是,,Yes / 是,User_09197,Email_09197,Phone_09197,,Others / 其他,Yes / 是,Yes / 是,Yes / 是,Yes / 是
111648610,145209254,83,4A15,Z,paid,,432122fb6b8d7fbc,2023-07-04,1290.0,XFW,0,,M,Normal / 一般,TW,C,t,O,1-5 years / 1-5 年,"AI/ML/DL, Healthcare",,2-4 times / 2-4 次,Yes / 是,,非投稿者,No / 否,No / 否,,Yes / 是,,Yes / 是,User_09254,Email_09254,Phone_09254,,Others / 其他,Yes / 是,Yes / 是,Yes / 是,Yes / 是
111648658,145209285,84,2VZZ,J,paid,,bbb1b9c3d4gfad65,2023-07-04,1290.0,AZY,0,,S,Normal / 一般,TW,E,m,M,1-5 years / 1-5 年,"AI/ML/DL, Web Development, Data Analytics, DevOps, Security, Engineering & Mathematics",Facebook,2-4 times / 2-4 次,Yes / 是,,非投稿者,No / 否,Yes / 是,,Yes / 是,,Yes / 是,User_09285,Email_09285,Phone_09285,,Others / 其他,Yes / 是,Yes / 是,Yes / 是,Yes / 是
111653725,145211966,85,1M9C,U,paid,,837458d11f5fae8a,2023-07-05,1290.0,BGP,1,,L,Normal / 一般,TW,A,h,I,6-10 years / 6-10 年,"AI/ML/DL, Fintech, Security, Engineering & Mathematics",Facebook,2-4 times / 2-4 次,Yes / 是,,非投稿者,Yes / 是,Yes / 是,,Yes / 是,,Yes / 是,User_11966,Email_11966,Phone_11966,,Others / 其他,Yes / 是,Yes / 是,Yes / 是,Yes / 是
111670123,145221061,87,NKWH,V,paid,,753bcg77a839639c,2023-07-06,2790.0,MAY,1,,S,Normal / 一般,TW,A,j,E,1-5 years / 1-5 年,"AI/ML/DL, Fintech, Engineering & Mathematics",Others / 其他,First time / 第一次,No / 否,,非投稿者,No / 否,No / 否,,Yes / 是,,Yes / 是,User_21061,Email_21061,Phone_21061,,Others / 其他,Yes / 是,Yes / 是,Yes / 是,Yes / 是
111698573,145237968,88,43I7,T,paid,,3c2f4a1c12fga468,2023-07-07,2790.0,BQV,1,,S,Normal / 一般,TW,C,w,I,6-10 years / 6-10 年,"Web Development, DevOps, Healthcare, Other",Friends / 朋友介紹,First time / 第一次,No / 否,,non-submitter,No / 否,No / 否,,Yes / 是,,Yes / 是,User_37968,Email_37968,Phone_37968,,Others / 其他,Yes / 是,Yes / 是,Yes / 是,Yes / 是
111722266,145252974,92,6GEA,Q,paid,,72a391242d888d33,2023-07-08,2790.0,OYT,0,,S,Normal / 一般,TW,C,y,K,1-5 years / 1-5 年,"Web Development, Data Analytics, Fintech, DevOps, Security, Healthcare",Twitter,First time / 第一次,No / 否,,non-submitter,No / 否,Yes / 是,,Yes / 是,,Yes / 是,User_52974,Email_52974,Phone_52974,,Others / 其他,Yes / 是,Yes / 是,Yes / 是,Yes / 是
111722999,145253404,93,CM0J,D,paid,,59g5a32c6f6g5149,2023-07-08,1290.0,REC,1,,L,Normal / 一般,TW,E,f,R,11-20 years / 11-20 年,"Web Development, Education",,2-4 times / 2-4 次,No / 否,,Twitter,No / 否,No / 否,,Yes / 是,,Yes / 是,User_53404,Email_53404,Phone_53404,,Others / 其他,Yes / 是,Yes / 是,Yes / 是,Yes / 是
111727869,145256370,98,HWEL,Y,paid,,81c71e25c3f6f5c4,2023-07-08,1290.0,UPS,0,,L,Normal / 一般,TW,D,i,I,6-10 years / 6-10 年,"AI/ML/DL, Web Development, Data Analytics, DevOps, Engineering & Mathematics",Others / 其他,2-4 times / 2-4 次,Yes / 是,,非投稿者,No / 否,No / 否,,Yes / 是,,Yes / 是,User_56370,Email_56370,Phone_56370,,Others / 其他,Yes / 是,Yes / 是,Yes / 是,Yes / 是
111727949,145256419,99,N6RN,T,paid,,cef544a289a1ga18,2023-07-08,1290.0,BLF,1,,S,Normal / 一般,TW,A,b,E,1-5 years / 1-5 年,"Web Development, Engineering & Mathematics",Friends / 朋友介紹,First time / 第一次,No / 否,,I learned about it at an event called #pyhack.,Yes / 是,Yes / 是,,Yes / 是,,Yes / 是,User_56419,Email_56419,Phone_56419,,Others / 其他,Yes / 是,Yes / 是,Yes / 是,Yes / 是
111737873,145262857,100,E6WY,A,paid,,b2fb71c2f373b85d,2023-07-09,1290.0,NLQ,0,,S,Normal / 一般,TW,B,t,X,Less than a year / 未滿一年,"Web Development, Data Analytics, Education, Multimedia, Healthcare",Others / 其他,2-4 times / 2-4 次,Yes / 是,,非投稿者,No / 否,No / 否,,Yes / 是,,Yes / 是,User_62857,Email_62857,Phone_62857,,Others / 其他,Yes / 是,Yes / 是,Yes / 是,Yes / 是
111740744,145264682,101,1PF2,T,paid,,4a6514b849c51cdc,2023-07-09,1290.0,BFE,1,,S,Normal / 一般,TW,E,k,I,11-20 years / 11-20 年,"AI/ML/DL, Web Development, Data Analytics, DevOps",,More than 7 times / 超過 7 次,Yes / 是,,社群媒體追蹤 PyConTW 帳號,No / 否,Yes / 是,,Yes / 是,,Yes / 是,User_64682,Email_64682,Phone_64682,,Others / 其他,Yes / 是,Yes / 是,Yes / 是,Yes / 是
111744704,145266764,102,LOB6,Y,paid,,gfe7b9fbefgb2917,2023-07-10,1290.0,GQH,0,,M,Normal / 一般,TW,C,d,M,6-10 years / 6-10 年,"AI/ML/DL, Web Development, Data Analytics, DevOps, Education",Facebook,2-4 times / 2-4 次,No / 否,,主動搜索,Yes / 是,Yes / 是,,Yes / 是,,Yes / 是,User_66764,Email_66764,Phone_66764,,Others / 其他,Yes / 是,Yes / 是,Yes / 是,Yes / 是
111746037,145267457,103,P62O,I,paid,,922bab6e6434678g,2023-07-10,1895.0,RVN,1,,L,Normal / 一般,TW,B,d,M,6-10 years / 6-10 年,"AI/ML/DL, Web Development, Data Analytics, Engineering & Mathematics",Others / 其他,First time / 第一次,No / 否,,非投稿者,No / 否,Yes / 是,,Yes / 是,,Yes / 是,User_67457,Email_67457,Phone_67457,,Others / 其他,Yes / 是,Yes / 是,Yes / 是,Yes / 是
111771567,145282546,105,HFB6,V,paid,,89eg6684a858fec7,2023-07-11,1290.0,TFI,0,,S,Normal / 一般,TW,C,j,K,11-20 years / 11-20 年,"AI/ML/DL, Data Analytics, DevOps, Engineering & Mathematics",Friends / 朋友介紹,5-7 times / 5-7 次,No / 否,,Official website,No / 否,Yes / 是,,Yes / 是,,Yes / 是,User_82546,Email_82546,Phone_82546,,Others / 其他,Yes / 是,Yes / 是,Yes / 是,Yes / 是
111784293,145289487,106,S57D,E,paid,,g6a1fdfg653dg5b7,2023-07-16,1290.0,CMX,1,,L,Normal / 一般,TW,A,f,I,Less than a year / 未滿一年,Design,Friends / 朋友介紹,2-4 times / 2-4 次,,,非投稿者,No / 否,Yes / 是,,Yes / 是,,Yes / 是,User_89487,Email_89487,Phone_89487,,Others / 其他,Yes / 是,Yes / 是,Yes / 是,Yes / 是
111797393,145297436,107,4FIX,R,paid,,e97198cgefb332b9,2023-07-12,0.0,CAR,0,,L,Normal / 一般,TW,C,c,K,1-5 years / 1-5 年,"Web Development, DevOps",Friends / 朋友介紹,First time / 第一次,No / 否,,Friends,No / 否,No / 否,,Yes / 是,,Yes / 是,User_97436,Email_97436,Phone_97436,,Others / 其他,Yes / 是,Yes / 是,Yes / 是,Yes / 是
111799498,145298428,108,IJNJ,J,paid,,gg862c1b8cd22g47,2023-07-13,0.0,FTP,0,,L,Normal / 一般,TW,E,x,Z,6-10 years / 6-10 年,"AI/ML/DL, Web Development, Multimedia",Others / 其他,First time / 第一次,No / 否,,"I have known PyCon TW, so have been checking its website periodically.",No / 否,No / 否,,Yes / 是,,Yes / 是,User_98428,Email_98428,Phone_98428,,Others / 其他,Yes / 是,Yes / 是,Yes / 是,Yes / 是
111806545,145302388,109,28T6,N,paid,,45f9b4729f44g983,2023-07-13,0.0,POQ,1,,M,Normal / 一般,TW,A,t,T,6-10 years / 6-10 年,"Engineering & Mathematics, Education",Friends / 朋友介紹,More than 7 times / 超過 7 次,Yes / 是,,from the community,No / 否,Yes / 是,,Yes / 是,,Yes / 是,User_02388,Email_02388,Phone_02388,,Others / 其他,Yes / 是,Yes / 是,Yes / 是,Yes / 是
111809931,145304412,110,SHXC,V,paid,,4c4f4b261ad3c5dc,2023-07-13,1290.0,SWP,0,,L,Normal / 一般,TW,B,g,R,6-10 years / 6-10 年,AI/ML/DL,,2-4 times / 2-4 次,No / 否,,去年參加過 & 有朋友是志工,Yes / 是,No / 否,,Yes / 是,,Yes / 是,User_04412,Email_04412,Phone_04412,,Others / 其他,Yes / 是,Yes / 是,Yes / 是,Yes / 是
111814484,145307016,111,RS8K,A,paid,,398dd7gdfc8aba8g,2023-07-14,1290.0,CGW,1,,M,Normal / 一般,TW,A,d,O,Less than a year / 未滿一年,"Fintech, DevOps, Engineering & Mathematics",,5-7 times / 5-7 次,Yes / 是,,non-submitter,No / 否,Yes / 是,,Yes / 是,,Yes / 是,User_07016,Email_07016,Phone_07016,,Others / 其他,Yes / 是,Yes / 是,Yes / 是,Yes / 是
111835755,145318834,112,UJBO,N,paid,,57877ebf26a276bf,2023-07-14,1290.0,ULQ,0,,L,Normal / 一般,TW,A,z,F,11-20 years / 11-20 年,,Others / 其他,2-4 times / 2-4 次,No / 否,,Python Taiwan FB Group,Yes / 是,Yes / 是,,Yes / 是,,Yes / 是,User_18834,Email_18834,Phone_18834,,Others / 其他,Yes / 是,Yes / 是,Yes / 是,Yes / 是
111843329,145323588,113,EF63,Z,paid,,8gef1e24798d6faf,2023-07-14,1290.0,IOM,1,,S,Normal / 一般,TW,E,x,B,,,Facebook,,Yes / 是,,非投稿,No / 否,Yes / 是,,Yes / 是,,Yes / 是,User_23588,Email_23588,Phone_23588,,Others / 其他,Yes / 是,Yes / 是,Yes / 是,Yes / 是
111885985,145346013,115,SP6U,C,paid,,abeg7a98ce6d2ae2,2023-07-15,1290.0,AQO,1,,L,Normal / 一般,TW,E,b,U,Less than a year / 未滿一年,"AI/ML/DL, Web Development, Education",Friends / 朋友介紹,5-7 times / 5-7 次,Yes / 是,,非投稿者,Yes / 是,Yes / 是,,Yes / 是,,Yes / 是,User_46013,Email_46013,Phone_46013,,Others / 其他,Yes / 是,Yes / 是,Yes / 是,Yes / 是
111912136,145360055,116,V1JK,C,paid,,c4ad3f3bg64g8b16,2023-07-15,1290.0,OFQ,0,,S,Normal / 一般,TW,E,k,J,6-10 years / 6-10 年,"Web Development, DevOps, Security, Engineering & Mathematics, Design",Others / 其他,2-4 times / 2-4 次,No / 否,,官網,No / 否,Yes / 是,,Yes / 是,,Yes / 是,User_60055,Email_60055,Phone_60055,,Others / 其他,Yes / 是,Yes / 是,Yes / 是,Yes / 是
111933854,145371833,117,31Y4,U,paid,,751g649f4g96a859,2023-07-16,1990.0,FEO,1,,M,Normal / 一般,TW,B,y,C,1-5 years / 1-5 年,"Data Analytics, DevOps, Security, Education",Facebook,2-4 times / 2-4 次,No / 否,,from official website,No / 否,Yes / 是,,Yes / 是,,Yes / 是,User_71833,Email_71833,Phone_71833,,Others / 其他,Yes / 是,Yes / 是,Yes / 是,Yes / 是
111934089,145371973,118,8FIP,O,paid,,65a15a51g99f37e7,2023-07-16,1290.0,UMZ,1,,L,Normal / 一般,TW,B,q,A,6-10 years / 6-10 年,"AI/ML/DL, Web Development, Security, Engineering & Mathematics, Design",Others / 其他,First time / 第一次,No / 否,,https://www.python.org/events/,No / 否,No / 否,,Yes / 是,,Yes / 是,User_71973,Email_71973,Phone_71973,,Others / 其他,Yes / 是,Yes / 是,Yes / 是,Yes / 是
111937870,145374424,119,Q73W,T,paid,,45gd43545e1f1ga9,2023-07-16,1290.0,IDJ,0,,M,Normal / 一般,TW,B,x,H,1-5 years / 1-5 年,"AI/ML/DL, Data Analytics, Engineering & Mathematics, Education, Multimedia",Friends / 朋友介紹,First time / 第一次,No / 否,,同事推薦,Yes / 是,Yes / 是,,Yes / 是,,Yes / 是,User_74424,Email_74424,Phone_74424,,Others / 其他,Yes / 是,Yes / 是,Yes / 是,Yes / 是
111938242,145374645,120,8DNH,I,paid,,8efd145dc5362bg4,2023-07-16,0.0,ILA,0,,M,Normal / 一般,TW,A,a,H,11-20 years / 11-20 年,"AI/ML/DL, Data Analytics, Education",Others / 其他,More than 7 times / 超過 7 次,Yes / 是,,非投稿者,No / 否,Yes / 是,,Yes / 是,,Yes / 是,User_74645,Email_74645,Phone_74645,,Others / 其他,Yes / 是,Yes / 是,Yes / 是,Yes / 是
111945221,145379801,121,V6WJ,P,paid,,fg2df9a5274c41e7,2023-07-16,1290.0,OGQ,1,,L,Normal / 一般,TW,B,i,U,6-10 years / 6-10 年,"Web Development, Security, Education, Design",,First time / 第一次,No / 否,,各大社群貼文（如 Facebook）,No / 否,Yes / 是,,Yes / 是,,Yes / 是,User_79801,Email_79801,Phone_79801,,Others / 其他,Yes / 是,Yes / 是,Yes / 是,Yes / 是
111963722,145392985,122,8YGG,A,paid,,gafg6636b93a8782,2023-07-16,1290.0,IKJ,0,,S,Normal / 一般,TW,B,t,Z,1-5 years / 1-5 年,"AI/ML/DL, Web Development, Data Analytics, DevOps, Security, Education",,2-4 times / 2-4 次,Yes / 是,,非投稿者,No / 否,Yes / 是,,Yes / 是,,Yes / 是,User_92985,Email_92985,Phone_92985,,Others / 其他,Yes / 是,Yes / 是,Yes / 是,Yes / 是
111964119,145393276,123,KUJ6,W,paid,,795657fg6g527865,2023-07-16,1290.0,OZP,0,,L,Normal / 一般,TW,D,z,Q,1-5 years / 1-5 年,"AI/ML/DL, Data Analytics, DevOps",Facebook,2-4 times / 2-4 次,No / 否,,Facebook/IG 投稿資訊公佈,Yes / 是,No / 否,,Yes / 是,,Yes / 是,User_93276,Email_93276,Phone_93276,,Others / 其他,Yes / 是,Yes / 是,Yes / 是,Yes / 是
111986671,145406503,124,1PXA,B,paid,,2g71a819g32cfc6c,2023-07-17,1290.0,XCC,0,,M,Normal / 一般,TW,B,f,E,6-10 years / 6-10 年,"AI/ML/DL, Data Analytics, Fintech, Security, Engineering & Mathematics",Friends / 朋友介紹,First time / 第一次,No / 否,,I was looking up PyCon events where I could submit a talk.,No / 否,No / 否,,Yes / 是,,Yes / 是,User_06503,Email_06503,Phone_06503,,Others / 其他,Yes / 是,Yes / 是,Yes / 是,Yes / 是
112024349,145426828,126,VUI0,J,paid,,58deg7d45a949e6e,2023-07-19,0.0,MXA,0,,L,Normal / 一般,TW,D,x,U,Less than a year / 未滿一年,Engineering & Mathematics,Friends / 朋友介紹,First time / 第一次,No / 否,,I knew it from a friend.,Yes / 是,Yes / 是,,Yes / 是,,Yes / 是,User_26828,Email_26828,Phone_26828,,Others / 其他,Yes / 是,Yes / 是,Yes / 是,Yes / 是
112079501,145455199,127,DF2W,X,paid,,2ff698gfce7fbd74,2023-07-21,0.0,GWF,0,,M,Normal / 一般,TW,D,w,R,6-10 years / 6-10 年,"AI/ML/DL, Web Development, Data Analytics, Engineering & Mathematics, Education, Healthcare",,2-4 times / 2-4 次,No / 否,,I follow social media pages,No / 否,No / 否,,Yes / 是,,Yes / 是,User_55199,Email_55199,Phone_55199,,Others / 其他,Yes / 是,Yes / 是,Yes / 是,Yes / 是
112094797,145462775,128,CGBF,E,paid,,2ba4f28a388abg74,2023-07-22,2790.0,JDW,0,,M,Normal / 一般,TW,E,j,I,6-10 years / 6-10 年,"AI/ML/DL, Data Analytics",Friends / 朋友介紹,First time / 第一次,No / 否,,non-submitter,No / 否,No / 否,,Yes / 是,,Yes / 是,User_62775,Email_62775,Phone_62775,,Others / 其他,Yes / 是,Yes / 是,Yes / 是,Yes / 是
112120147,145475171,130,UTSF,U,paid,,363dfce6b56f4g2c,2023-07-24,0.0,LNQ,1,,S,Normal / 一般,TW,A,b,M,1-5 years / 1-5 年,"Data Analytics, Multimedia, Healthcare",Others / 其他,First time / 第一次,No / 否,,非投稿者,No / 否,No / 否,,Yes / 是,,Yes / 是,User_75171,Email_75171,Phone_75171,,Others / 其他,Yes / 是,Yes / 是,Yes / 是,Yes / 是
112120312,145475250,131,592E,J,paid,,7g2c2191b55c545f,2023-07-24,0.0,ZEU,1,,M,Normal / 一般,TW,C,d,O,6-10 years / 6-10 年,"AI/ML/DL, Data Analytics, Fintech, Security, Engineering & Mathematics, Education, Healthcare",Others / 其他,First time / 第一次,No / 否,,From school,No / 否,No / 否,,Yes / 是,,Yes / 是,User_75250,Email_75250,Phone_75250,,Others / 其他,Yes / 是,Yes / 是,Yes / 是,Yes / 是
112120479,145475339,132,K87F,E,paid,,cc25beg4gbb9feaf,2023-07-24,0.0,YEQ,0,,M,Normal / 一般,TW,B,v,E,,"AI/ML/DL, Web Development, Data Analytics, Education",Others / 其他,,No / 否,,"Twitter, Email and PyCon APAC Organizers Discord",Yes / 是,No / 否,,Yes / 是,,Yes / 是,User_75339,Email_75339,Phone_75339,,Others / 其他,Yes / 是,Yes / 是,Yes / 是,Yes / 是
112122955,145476557,133,4J63,G,paid,,49be3cfff9b7ba36,2023-07-24,0.0,DSU,0,,M,Normal / 一般,TW,A,b,Q,6-10 years / 6-10 年,"AI/ML/DL, Web Development, Data Analytics, DevOps, Security",Friends / 朋友介紹,First time / 第一次,No / 否,,As a member of PyCon APAC,No / 否,No / 否,,Yes / 是,,Yes / 是,User_76557,Email_76557,Phone_76557,,Others / 其他,Yes / 是,Yes / 是,Yes / 是,Yes / 是
112124627,145477473,134,WIXL,M,paid,,b614b1bce87afc6b,2023-07-24,0.0,UYG,1,,S,Normal / 一般,TW,D,p,E,1-5 years / 1-5 年,"AI/ML/DL, Data Analytics",Friends / 朋友介紹,First time / 第一次,No / 否,,non-submitter,No / 否,Yes / 是,,Yes / 是,,Yes / 是,User_77473,Email_77473,Phone_77473,,Others / 其他,Yes / 是,Yes / 是,Yes / 是,Yes / 是
112130515,145480428,135,6OAS,R,paid,,b66g1f1be9a3g493,2023-07-25,0.0,GTS,1,,L,Normal / 一般,TW,E,q,B,6-10 years / 6-10 年,"AI/ML/DL, Web Development",Others / 其他,First time / 第一次,No / 否,,非投稿者,No / 否,Yes / 是,,Yes / 是,,Yes / 是,User_80428,Email_80428,Phone_80428,,Others / 其他,Yes / 是,Yes / 是,Yes / 是,Yes / 是
112134037,145482258,136,XZ3I,Z,paid,,7dd39231871b5a42,2023-07-25,0.0,THI,0,,M,Normal / 一般,TW,E,b,M,1-5 years / 1-5 年,"AI/ML/DL, Web Development, Data Analytics, Fintech, DevOps",Blog,First time / 第一次,No / 否,,Twitter and Pycon US booth.,No / 否,Yes / 是,,Yes / 是,,Yes / 是,User_82258,Email_82258,Phone_82258,,Others / 其他,Yes / 是,Yes / 是,Yes / 是,Yes / 是
112134226,145482364,137,091D,Z,paid,,892d2762f692934c,2023-07-25,0.0,CER,0,,S,Normal / 一般,TW,C,l,P,1-5 years / 1-5 年,"AI/ML/DL, Data Analytics, Design, Healthcare",Friends / 朋友介紹,First time / 第一次,No / 否,,非投稿者,No / 否,Yes / 是,,Yes / 是,,Yes / 是,User_82364,Email_82364,Phone_82364,,Others / 其他,Yes / 是,Yes / 是,Yes / 是,Yes / 是
112134811,145482620,138,JTVG,A,paid,,1e513g8448d6ec26,2023-07-25,1290.0,SJI,1,,L,Normal / 一般,TW,A,g,I,6-10 years / 6-10 年,"AI/ML/DL, Data Analytics, Fintech, DevOps, Engineering & Mathematics",Friends / 朋友介紹,5-7 times / 5-7 次,Yes / 是,,Facebook訊息,No / 否,No / 否,,Yes / 是,,Yes / 是,User_82620,Email_82620,Phone_82620,,Others / 其他,Yes / 是,Yes / 是,Yes / 是,Yes / 是
112338351,145581287,139,WC5A,R,paid,,e425ed1ad23a3d63,2023-07-30,1290.0,UTR,0,,S,Normal / 一般,TW,E,o,W,Less than a year / 未滿一年,"AI/ML/DL, Web Development, Data Analytics",Friends / 朋友介紹,2-4 times / 2-4 次,Yes / 是,,非投稿者,No / 否,Yes / 是,,Yes / 是,,Yes / 是,User_81287,Email_81287,Phone_81287,,Others / 其他,Yes / 是,Yes / 是,Yes / 是,Yes / 是
112347055,145585809,140,UXHC,P,paid,,664b3fa1c4b92489,2023-07-30,1290.0,GAW,0,,M,Normal / 一般,TW,D,r,H,11-20 years / 11-20 年,"AI/ML/DL, Data Analytics, Fintech, DevOps",Others / 其他,5-7 times / 5-7 次,No / 否,,非投稿者,No / 否,Yes / 是,,Yes / 是,,Yes / 是,User_85809,Email_85809,Phone_85809,,Others / 其他,Yes / 是,Yes / 是,Yes / 是,Yes / 是
112347363,145585966,141,GLU9,U,paid,,g7g5g4418b1bg7a4,2023-07-30,2790.0,PVE,0,,M,Normal / 一般,TW,D,k,F,6-10 years / 6-10 年,"Fintech, Security",Friends / 朋友介紹,2-4 times / 2-4 次,No / 否,,非投稿者,Yes / 是,No / 否,,Yes / 是,,Yes / 是,User_85966,Email_85966,Phone_85966,,Others / 其他,Yes / 是,Yes / 是,Yes / 是,Yes / 是
112365100,145593654,142,9HN4,H,paid,,c1a1b14ebbf4f292,2023-07-31,0.0,FLG,0,,M,Normal / 一般,TW,B,v,O,,"Data Analytics, Fintech",,2-4 times / 2-4 次,,,non-submitter,No / 否,Yes / 是,,Yes / 是,,Yes / 是,User_93654,Email_93654,Phone_93654,,Others / 其他,Yes / 是,Yes / 是,Yes / 是,Yes / 是
112381378,145601659,143,7AZD,P,paid,,e2b7f13acbfe1d74,2023-08-01,0.0,XIU,0,,L,Normal / 一般,TW,D,k,N,1-5 years / 1-5 年,"AI/ML/DL, Web Development, Data Analytics, Education, Design",Friends / 朋友介紹,First time / 第一次,No / 否,,非投稿者,No / 否,Yes / 是,,Yes / 是,,Yes / 是,User_01659,Email_01659,Phone_01659,,Others / 其他,Yes / 是,Yes / 是,Yes / 是,Yes / 是
112418456,145619337,145,XYEP,D,paid,,adbb1cgeg36ff358,2023-08-03,0.0,AAM,0,,S,Normal / 一般,TW,A,q,O,Less than a year / 未滿一年,"AI/ML/DL, Web Development, Data Analytics, DevOps, Security, Education, Human Resource",Friends / 朋友介紹,First time / 第一次,Yes / 是,,非投稿者,Yes / 是,Yes / 是,,Yes / 是,,Yes / 是,User_19337,Email_19337,Phone_19337,,Others / 其他,Yes / 是,Yes / 是,Yes / 是,Yes / 是
112419106,145619673,146,3ADH,G,paid,,c4ea7256g991d9ac,2023-08-03,0.0,FLQ,1,,L,Normal / 一般,TW,D,i,R,1-5 years / 1-5 年,"Web Development, Security, Engineering & Mathematics, Education, Other",Others / 其他,First time / 第一次,No / 否,,非投稿者,No / 否,Yes / 是,,Yes / 是,,Yes / 是,User_19673,Email_19673,Phone_19673,,Others / 其他,Yes / 是,Yes / 是,Yes / 是,Yes / 是
112429551,145625379,147,KDDH,E,paid,,8c268a391bb8ba88,2023-08-03,1290.0,OWI,0,,L,Normal / 一般,TW,E,b,C,1-5 years / 1-5 年,"AI/ML/DL, Engineering & Mathematics, Design",Friends / 朋友介紹,First time / 第一次,No / 否,,同事推薦,Yes / 是,Yes / 是,,Yes / 是,,Yes / 是,User_25379,Email_25379,Phone_25379,,Others / 其他,Yes / 是,Yes / 是,Yes / 是,Yes / 是
112711013,145738895,148,IH16,I,paid,,6871d3a755g84c7f,2023-08-06,1290.0,YLN,0,,S,Normal / 一般,TW,B,m,F,,"Web Development, Design",Friends / 朋友介紹,First time / 第一次,Yes / 是,,非投稿者,No / 否,No / 否,,Yes / 是,,Yes / 是,User_38895,Email_38895,Phone_38895,,Others / 其他,Yes / 是,Yes / 是,Yes / 是,Yes / 是
112712536,145739692,149,MCQG,Q,paid,,2a1g8c9513c32bf4,2023-08-06,1290.0,AOE,1,,M,Normal / 一般,TW,B,x,X,6-10 years / 6-10 年,"AI/ML/DL, Web Development, Data Analytics, DevOps, Engineering & Mathematics",Friends / 朋友介紹,2-4 times / 2-4 次,Yes / 是,,Call for Proposals,No / 否,Yes / 是,,Yes / 是,,Yes / 是,User_39692,Email_39692,Phone_39692,,Others / 其他,Yes / 是,Yes / 是,Yes / 是,Yes / 是
112735237,145753896,150,VBQM,Y,paid,,5e5a45d67cd78787,2023-08-07,1290.0,SNY,1,,M,Normal / 一般,TW,A,d,M,6-10 years / 6-10 年,"AI/ML/DL, Web Development, Data Analytics, Education",,2-4 times / 2-4 次,Yes / 是,,fb,No / 否,Yes / 是,,Yes / 是,,Yes / 是,User_53896,Email_53896,Phone_53896,,Others / 其他,Yes / 是,Yes / 是,Yes / 是,Yes / 是
112738754,145756187,151,2XXO,S,paid,,9e1572c55df5f78d,2023-08-07,0.0,MPC,0,,M,Normal / 一般,TW,C,r,N,,,,First time / 第一次,,,非投稿者,No / 否,Yes / 是,,Yes / 是,,Yes / 是,User_56187,Email_56187,Phone_56187,,Others / 其他,Yes / 是,Yes / 是,Yes / 是,Yes / 是
113048134,145898249,153,GKDM,Y,paid,,c55e544b35a8bea5,2023-08-08,1290.0,EBL,0,,S,Normal / 一般,TW,C,u,J,1-5 years / 1-5 年,,Others / 其他,2-4 times / 2-4 次,Yes / 是,,去年志工,,Yes / 是,,Yes / 是,,Yes / 是,User_98249,Email_98249,Phone_98249,,Others / 其他,Yes / 是,Yes / 是,Yes / 是,Yes / 是
113064609,145907420,154,XIV1,K,paid,,f6d1d2fe7fa9614g,2023-08-09,1290.0,PIA,0,,M,Normal / 一般,TW,D,p,D,6-10 years / 6-10 年,"AI/ML/DL, Data Analytics, DevOps, Engineering & Mathematics",,2-4 times / 2-4 次,Yes / 是,,非投稿者,No / 否,Yes / 是,,Yes / 是,,Yes / 是,User_07420,Email_07420,Phone_07420,,Others / 其他,Yes / 是,Yes / 是,Yes / 是,Yes / 是
113065203,145907752,155,ZPOK,Z,paid,,624d7gcb7354c786,2023-08-09,1290.0,YKV,0,,S,Normal / 一般,TW,B,h,P,1-5 years / 1-5 年,AI/ML/DL,,2-4 times / 2-4 次,Yes / 是,,非投稿者,No / 否,Yes / 是,,Yes / 是,,Yes / 是,User_07752,Email_07752,Phone_07752,,Others / 其他,Yes / 是,Yes / 是,Yes / 是,Yes / 是
113079211,145915157,159,D017,E,paid,,83a2d3311e8d6f62,2023-08-10,1290.0,JJD,1,,L,Normal / 一般,TW,E,j,L,1-5 years / 1-5 年,"AI/ML/DL, Data Analytics, Engineering & Mathematics, Education",Friends / 朋友介紹,2-4 times / 2-4 次,No / 否,,非投稿者,No / 否,Yes / 是,,Yes / 是,,Yes / 是,User_15157,Email_15157,Phone_15157,,Others / 其他,Yes / 是,Yes / 是,Yes / 是,Yes / 是
113095852,145924667,161,32VE,H,paid,,b88g82ceeg1dd166,2023-08-12,2790.0,SLD,0,,S,Normal / 一般,TW,B,r,N,Less than a year / 未滿一年,Web Development,Friends / 朋友介紹,First time / 第一次,No / 否,,非投稿者,No / 否,No / 否,,Yes / 是,,Yes / 是,User_24667,Email_24667,Phone_24667,,Others / 其他,Yes / 是,Yes / 是,Yes / 是,Yes / 是
113211814,146008709,167,W69Q,E,paid,,ba5797253e93c481,2023-08-15,1990.0,MDV,1,,M,Normal / 一般,TW,C,e,Y,,,,,,,Yung-Yu Chen,,Yes / 是,,Yes / 是,,Yes / 是,User_08709,Email_08709,Phone_08709,,Others / 其他,Yes / 是,Yes / 是,Yes / 是,Yes / 是
113224882,146018210,168,9H1V,F,paid,,5d7389g8b14ce8ge,2023-08-14,0.0,IRA,1,,M,Normal / 一般,TW,C,o,K,11-20 years / 11-20 年,"AI/ML/DL, Engineering & Mathematics, Multimedia",Friends / 朋友介紹,First time / 第一次,No / 否,,非投稿者,No / 否,Yes / 是,,Yes / 是,,Yes / 是,User_18210,Email_18210,Phone_18210,,Others / 其他,Yes / 是,Yes / 是,Yes / 是,Yes / 是
113226782,146019705,169,EPHR,E,paid,,g6855ag3f2ced4c9,2023-08-14,1290.0,FMH,0,,S,Normal / 一般,TW,A,s,J,1-5 years / 1-5 年,"AI/ML/DL, Data Analytics, Fintech, Engineering & Mathematics",Facebook,First time / 第一次,No / 否,,Facebook粉絲專業,Yes / 是,No / 否,,Yes / 是,,Yes / 是,User_19705,Email_19705,Phone_19705,,Others / 其他,Yes / 是,Yes / 是,Yes / 是,Yes / 是
113251580,146035496,170,OURP,N,paid,,3884f89dcfgad769,2023-08-15,1290.0,MNS,0,,L,Normal / 一般,TW,C,c,J,,"AI/ML/DL, Data Analytics",Friends / 朋友介紹,First time / 第一次,No / 否,,non-submitter,No / 否,Yes / 是,,Yes / 是,,Yes / 是,User_35496,Email_35496,Phone_35496,,Others / 其他,Yes / 是,Yes / 是,Yes / 是,Yes / 是
113265055,146042820,171,IARU,O,paid,,g9f28122b6acb8f3,2023-08-16,1290.0,CWI,1,,S,Normal / 一般,TW,E,j,L,,,Facebook,First time / 第一次,Yes / 是,,non-submitter,,Yes / 是,,Yes / 是,,Yes / 是,User_42820,Email_42820,Phone_42820,,Others / 其他,Yes / 是,Yes / 是,Yes / 是,Yes / 是
113294788,146062440,172,41U3,Y,paid,,7e2e8442c4ff24d4,2023-08-16,1990.0,RXS,1,,S,Normal / 一般,TW,E,a,G,1-5 years / 1-5 年,,Friends / 朋友介紹,First time / 第一次,No / 否,,Friends,No / 否,No / 否,,Yes / 是,,Yes / 是,User_62440,Email_62440,Phone_62440,,Others / 其他,Yes / 是,Yes / 是,Yes / 是,Yes / 是
113314700,146074309,173,VOC4,M,paid,,9ef57bff1ff7365d,2023-08-16,1290.0,HEY,0,,L,Normal / 一般,TW,A,j,L,1-5 years / 1-5 年,"AI/ML/DL, DevOps",Friends / 朋友介紹,First time / 第一次,No / 否,,非投稿者,,Yes / 是,,Yes / 是,,Yes / 是,User_74309,Email_74309,Phone_74309,,Others / 其他,Yes / 是,Yes / 是,Yes / 是,Yes / 是
113331151,146085226,174,8VVO,Z,paid,,4f34eefgc267312c,2023-08-17,1290.0,TUK,1,,M,Normal / 一般,TW,E,i,Z,1-5 years / 1-5 年,Engineering & Mathematics,Friends / 朋友介紹,First time / 第一次,No / 否,,From colleague,No / 否,No / 否,,Yes / 是,,Yes / 是,User_85226,Email_85226,Phone_85226,,Others / 其他,Yes / 是,Yes / 是,Yes / 是,Yes / 是
113348014,146096277,175,PSIV,H,paid,,c7g73deb1edbf5g7,2023-08-18,1290.0,INO,1,,S,Normal / 一般,TW,E,u,U,6-10 years / 6-10 年,"AI/ML/DL, Web Development, DevOps, Security, Engineering & Mathematics",Others / 其他,More than 7 times / 超過 7 次,Yes / 是,,非投稿者,Yes / 是,Yes / 是,,Yes / 是,,Yes / 是,User_96277,Email_96277,Phone_96277,,Others / 其他,Yes / 是,Yes / 是,Yes / 是,Yes / 是
113359543,146102843,177,Z52L,M,paid,,85b82g5e664bdd26,2023-08-18,2790.0,SKR,1,,S,Normal / 一般,TW,C,k,I,Less than a year / 未滿一年,"Web Development, Healthcare",Others / 其他,First time / 第一次,No / 否,,non-submitter,Yes / 是,No / 否,,Yes / 是,,Yes / 是,User_02843,Email_02843,Phone_02843,,Others / 其他,Yes / 是,Yes / 是,Yes / 是,Yes / 是
113525597,146203529,178,SHFQ,X,paid,,ab55gf4c3d3e6c1c,2023-08-24,0.0,KCL,1,,S,Normal / 一般,TW,C,l,A,1-5 years / 1-5 年,"AI/ML/DL, Web Development, Data Analytics, Design",Friends / 朋友介紹,2-4 times / 2-4 次,No / 否,,非投稿者,No / 否,No / 否,,Yes / 是,,Yes / 是,User_03529,Email_03529,Phone_03529,,Others / 其他,Yes / 是,Yes / 是,Yes / 是,Yes / 是
113526670,146204145,179,EDAY,E,paid,,bafd7c26ce832162,2023-08-24,0.0,ZHV,0,,S,Normal / 一般,TW,C,z,X,6-10 years / 6-10 年,"AI/ML/DL, Web Development, Data Analytics",Friends / 朋友介紹,First time / 第一次,No / 否,,非投稿者,No / 否,Yes / 是,,Yes / 是,,Yes / 是,User_04145,Email_04145,Phone_04145,,Others / 其他,Yes / 是,Yes / 是,Yes / 是,Yes / 是
113532022,146206839,180,0XFC,I,paid,,95dab64c25aa61db,2023-08-24,0.0,NBU,0,,S,Normal / 一般,TW,B,m,S,6-10 years / 6-10 年,"AI/ML/DL, Data Analytics",,5-7 times / 5-7 次,,,非投稿者,No / 否,Yes / 是,,Yes / 是,,Yes / 是,User_06839,Email_06839,Phone_06839,,Others / 其他,Yes / 是,Yes / 是,Yes / 是,Yes / 是
113570812,146225623,181,BO8M,L,paid,,14a6e7eba22a5g55,2023-08-25,0.0,BEP,1,,L,Normal / 一般,TW,A,i,F,,"AI/ML/DL, Web Development, Data Analytics, Fintech, DevOps, Security",,,No / 否,,非投稿者,,Yes / 是,,Yes / 是,,Yes / 是,User_25623,Email_25623,Phone_25623,,Others / 其他,Yes / 是,Yes / 是,Yes / 是,Yes / 是
113627596,146252871,182,WENU,E,paid,,4aacg31dg52e2a42,2023-08-25,0.0,EMI,0,,M,Vegetarian / 素食者,TW,E,e,B,1-5 years / 1-5 年,"AI/ML/DL, Data Analytics, DevOps, Engineering & Mathematics, Human Resource",Friends / 朋友介紹,First time / 第一次,No / 否,,非投稿者,Yes / 是,Yes / 是,,Yes / 是,,Yes / 是,User_52871,Email_52871,Phone_52871,,Others / 其他,Yes / 是,Yes / 是,Yes / 是,Yes / 是
113735633,146317552,183,L56G,Y,paid,,2d1a32b3g75f6cf7,2023-08-28,0.0,THH,1,,S,Normal / 一般,TW,C,e,T,Less than a year / 未滿一年,"Web Development, DevOps, Security, Engineering & Mathematics",Friends / 朋友介紹,First time / 第一次,No / 否,,非投稿者,No / 否,No / 否,,Yes / 是,,Yes / 是,User_17552,Email_17552,Phone_17552,,Others / 其他,Yes / 是,Yes / 是,Yes / 是,Yes / 是
113736495,146318053,184,UQOB,I,paid,,8a9e1gdd9bbc713c,2023-08-28,0.0,BDT,0,,S,Normal / 一般,TW,B,b,P,Less than a year / 未滿一年,"AI/ML/DL, Web Development, Data Analytics, DevOps, Security, Engineering & Mathematics, Design",Friends / 朋友介紹,First time / 第一次,No / 否,,非投稿者,No / 否,Yes / 是,,Yes / 是,,Yes / 是,User_18053,Email_18053,Phone_18053,,Others / 其他,Yes / 是,Yes / 是,Yes / 是,Yes / 是
113746899,146323337,185,QC0H,E,paid,,4eac8b4gbee921b2,2023-08-29,0.0,DQQ,0,,M,Normal / 一般,TW,E,s,U,,,,,,,非投稿者,,Yes / 是,,Yes / 是,,Yes / 是,User_23337,Email_23337,Phone_23337,,Others / 其他,Yes / 是,Yes / 是,Yes / 是,Yes / 是
113747543,146323708,186,PEFH,T,paid,,gc543g9817b85f7a,2023-08-29,0.0,HPW,1,,S,Vegetarian / 素食者,TW,C,y,J,11-20 years / 11-20 年,"AI/ML/DL, Data Analytics, Engineering & Mathematics, Education",Others / 其他,More than 7 times / 超過 7 次,Yes / 是,,Non-submitter,Yes / 是,Yes / 是,,Yes / 是,,Yes / 是,User_23708,Email_23708,Phone_23708,,Others / 其他,Yes / 是,Yes / 是,Yes / 是,Yes / 是
